{
  "mu_dx": 8.209273477781954,
  "sd_dx": 42.34220893641776,
  "mu_dy": 0.1234215677182226,
  "sd_dy": 37.233232226021975
}